season_id,team_id,game_type
19721973,AFM,2
19731974,AFM,2
19731974,AFM,3
19741975,AFM,2
19751976,AFM,2
19751976,AFM,3
19761977,AFM,3
19761977,AFM,2
19771978,AFM,3
19771978,AFM,2
19781979,AFM,3
19781979,AFM,2
19791980,AFM,2
19791980,AFM,3
19931994,ANA,2
19941995,ANA,2
19951996,ANA,2
19961997,ANA,3
19961997,ANA,2
19971998,ANA,2
19981999,ANA,2
19981999,ANA,3
19992000,ANA,2
20002001,ANA,2
20012002,ANA,2
20022003,ANA,2
20022003,ANA,3
20032004,ANA,2
20052006,ANA,3
20052006,ANA,2
20062007,ANA,3
20062007,ANA,2
20072008,ANA,2
20072008,ANA,3
20082009,ANA,2
20082009,ANA,3
20092010,ANA,2
20102011,ANA,3
20102011,ANA,2
20112012,ANA,2
20122013,ANA,2
20122013,ANA,3
20132014,ANA,3
20132014,ANA,2
20142015,ANA,2
20142015,ANA,3
20152016,ANA,2
20152016,ANA,3
20162017,ANA,3
20162017,ANA,2
20172018,ANA,2
20172018,ANA,3
20182019,ANA,2
20192020,ANA,2
20202021,ANA,2
20212022,ANA,2
20222023,ANA,2
20232024,ANA,2
20242025,ANA,2
20142015,ARI,2
20152016,ARI,2
20162017,ARI,2
20172018,ARI,2
20182019,ARI,2
20192020,ARI,2
20192020,ARI,3
20202021,ARI,2
20212022,ARI,2
20222023,ARI,2
20232024,ARI,2
19992000,ATL,2
20002001,ATL,2
20012002,ATL,2
20022003,ATL,2
20032004,ATL,2
20052006,ATL,2
20062007,ATL,3
20062007,ATL,2
20072008,ATL,2
20082009,ATL,2
20092010,ATL,2
20102011,ATL,2
19241925,BOS,2
19251926,BOS,2
19261927,BOS,2
19261927,BOS,3
19271928,BOS,2
19271928,BOS,3
19281929,BOS,2
19281929,BOS,3
19291930,BOS,2
19291930,BOS,3
19301931,BOS,3
19301931,BOS,2
19311932,BOS,2
19321933,BOS,2
19321933,BOS,3
19331934,BOS,2
19341935,BOS,2
19341935,BOS,3
19351936,BOS,2
19351936,BOS,3
19361937,BOS,3
19361937,BOS,2
19371938,BOS,3
19371938,BOS,2
19381939,BOS,2
19381939,BOS,3
19391940,BOS,2
19391940,BOS,3
19401941,BOS,2
19401941,BOS,3
19411942,BOS,2
19411942,BOS,3
19421943,BOS,3
19421943,BOS,2
19431944,BOS,2
19441945,BOS,3
19441945,BOS,2
19451946,BOS,3
19451946,BOS,2
19461947,BOS,2
19461947,BOS,3
19471948,BOS,2
19471948,BOS,3
19481949,BOS,3
19481949,BOS,2
19491950,BOS,2
19501951,BOS,3
19501951,BOS,2
19511952,BOS,3
19511952,BOS,2
19521953,BOS,2
19521953,BOS,3
19531954,BOS,2
19531954,BOS,3
19541955,BOS,2
19541955,BOS,3
19551956,BOS,2
19561957,BOS,3
19561957,BOS,2
19571958,BOS,3
19571958,BOS,2
19581959,BOS,3
19581959,BOS,2
19591960,BOS,2
19601961,BOS,2
19611962,BOS,2
19621963,BOS,2
19631964,BOS,2
19641965,BOS,2
19651966,BOS,2
19661967,BOS,2
19671968,BOS,2
19671968,BOS,3
19681969,BOS,3
19681969,BOS,2
19691970,BOS,2
19691970,BOS,3
19701971,BOS,2
19701971,BOS,3
19711972,BOS,2
19711972,BOS,3
19721973,BOS,2
19721973,BOS,3
19731974,BOS,3
19731974,BOS,2
19741975,BOS,3
19741975,BOS,2
19751976,BOS,2
19751976,BOS,3
19761977,BOS,3
19761977,BOS,2
19771978,BOS,2
19771978,BOS,3
19781979,BOS,2
19781979,BOS,3
19791980,BOS,2
19791980,BOS,3
19801981,BOS,3
19801981,BOS,2
19811982,BOS,2
19811982,BOS,3
19821983,BOS,3
19821983,BOS,2
19831984,BOS,2
19831984,BOS,3
19841985,BOS,3
19841985,BOS,2
19851986,BOS,2
19851986,BOS,3
19861987,BOS,3
19861987,BOS,2
19871988,BOS,2
19871988,BOS,3
19881989,BOS,2
19881989,BOS,3
19891990,BOS,2
19891990,BOS,3
19901991,BOS,3
19901991,BOS,2
19911992,BOS,2
19911992,BOS,3
19921993,BOS,3
19921993,BOS,2
19931994,BOS,2
19931994,BOS,3
19941995,BOS,3
19941995,BOS,2
19951996,BOS,3
19951996,BOS,2
19961997,BOS,2
19971998,BOS,2
19971998,BOS,3
19981999,BOS,3
19981999,BOS,2
19992000,BOS,2
20002001,BOS,2
20012002,BOS,2
20012002,BOS,3
20022003,BOS,3
20022003,BOS,2
20032004,BOS,2
20032004,BOS,3
20052006,BOS,2
20062007,BOS,2
20072008,BOS,3
20072008,BOS,2
20082009,BOS,2
20082009,BOS,3
20092010,BOS,3
20092010,BOS,2
20102011,BOS,2
20102011,BOS,3
20112012,BOS,2
20112012,BOS,3
20122013,BOS,2
20122013,BOS,3
20132014,BOS,3
20132014,BOS,2
20142015,BOS,2
20152016,BOS,2
20162017,BOS,2
20162017,BOS,3
20172018,BOS,2
20172018,BOS,3
20182019,BOS,2
20182019,BOS,3
20192020,BOS,3
20192020,BOS,2
20202021,BOS,3
20202021,BOS,2
20212022,BOS,3
20212022,BOS,2
20222023,BOS,3
20222023,BOS,2
20232024,BOS,2
20232024,BOS,3
20242025,BOS,2
19411942,BRK,2
19701971,BUF,2
19711972,BUF,2
19721973,BUF,2
19721973,BUF,3
19731974,BUF,2
19741975,BUF,2
19741975,BUF,3
19751976,BUF,3
19751976,BUF,2
19761977,BUF,3
19761977,BUF,2
19771978,BUF,3
19771978,BUF,2
19781979,BUF,3
19781979,BUF,2
19791980,BUF,3
19791980,BUF,2
19801981,BUF,2
19801981,BUF,3
19811982,BUF,3
19811982,BUF,2
19821983,BUF,3
19821983,BUF,2
19831984,BUF,3
19831984,BUF,2
19841985,BUF,2
19841985,BUF,3
19851986,BUF,2
19861987,BUF,2
19871988,BUF,3
19871988,BUF,2
19881989,BUF,3
19881989,BUF,2
19891990,BUF,2
19891990,BUF,3
19901991,BUF,2
19901991,BUF,3
19911992,BUF,3
19911992,BUF,2
19921993,BUF,3
19921993,BUF,2
19931994,BUF,3
19931994,BUF,2
19941995,BUF,3
19941995,BUF,2
19951996,BUF,2
19961997,BUF,3
19961997,BUF,2
19971998,BUF,3
19971998,BUF,2
19981999,BUF,3
19981999,BUF,2
19992000,BUF,2
19992000,BUF,3
20002001,BUF,2
20002001,BUF,3
20012002,BUF,2
20022003,BUF,2
20032004,BUF,2
20052006,BUF,2
20052006,BUF,3
20062007,BUF,2
20062007,BUF,3
20072008,BUF,2
20082009,BUF,2
20092010,BUF,3
20092010,BUF,2
20102011,BUF,2
20102011,BUF,3
20112012,BUF,2
20122013,BUF,2
20132014,BUF,2
20142015,BUF,2
20152016,BUF,2
20162017,BUF,2
20172018,BUF,2
20182019,BUF,2
20192020,BUF,2
20202021,BUF,2
20212022,BUF,2
20222023,BUF,2
20232024,BUF,2
20242025,BUF,2
19971998,CAR,2
19981999,CAR,2
19981999,CAR,3
19992000,CAR,2
20002001,CAR,3
20002001,CAR,2
20012002,CAR,2
20012002,CAR,3
20022003,CAR,2
20032004,CAR,2
20052006,CAR,3
20052006,CAR,2
20062007,CAR,2
20072008,CAR,2
20082009,CAR,2
20082009,CAR,3
20092010,CAR,2
20102011,CAR,2
20112012,CAR,2
20122013,CAR,2
20132014,CAR,2
20142015,CAR,2
20152016,CAR,2
20162017,CAR,2
20172018,CAR,2
20182019,CAR,2
20182019,CAR,3
20192020,CAR,2
20192020,CAR,3
20202021,CAR,2
20202021,CAR,3
20212022,CAR,2
20212022,CAR,3
20222023,CAR,3
20222023,CAR,2
20232024,CAR,2
20232024,CAR,3
20242025,CAR,2
20002001,CBJ,2
20012002,CBJ,2
20022003,CBJ,2
20032004,CBJ,2
20052006,CBJ,2
20062007,CBJ,2
20072008,CBJ,2
20082009,CBJ,2
20082009,CBJ,3
20092010,CBJ,2
20102011,CBJ,2
20112012,CBJ,2
20122013,CBJ,2
20132014,CBJ,3
20132014,CBJ,2
20142015,CBJ,2
20152016,CBJ,2
20162017,CBJ,2
20162017,CBJ,3
20172018,CBJ,3
20172018,CBJ,2
20182019,CBJ,3
20182019,CBJ,2
20192020,CBJ,2
20192020,CBJ,3
20202021,CBJ,2
20212022,CBJ,2
20222023,CBJ,2
20232024,CBJ,2
20242025,CBJ,2
19701971,CGS,2
19711972,CGS,2
19721973,CGS,2
19731974,CGS,2
19741975,CGS,2
19751976,CGS,2
19801981,CGY,2
19801981,CGY,3
19811982,CGY,2
19811982,CGY,3
19821983,CGY,2
19821983,CGY,3
19831984,CGY,2
19831984,CGY,3
19841985,CGY,3
19841985,CGY,2
19851986,CGY,2
19851986,CGY,3
19861987,CGY,3
19861987,CGY,2
19871988,CGY,3
19871988,CGY,2
19881989,CGY,3
19881989,CGY,2
19891990,CGY,2
19891990,CGY,3
19901991,CGY,2
19901991,CGY,3
19911992,CGY,2
19921993,CGY,3
19921993,CGY,2
19931994,CGY,3
19931994,CGY,2
19941995,CGY,2
19941995,CGY,3
19951996,CGY,2
19951996,CGY,3
19961997,CGY,2
19971998,CGY,2
19981999,CGY,2
19992000,CGY,2
20002001,CGY,2
20012002,CGY,2
20022003,CGY,2
20032004,CGY,3
20032004,CGY,2
20052006,CGY,3
20052006,CGY,2
20062007,CGY,3
20062007,CGY,2
20072008,CGY,2
20072008,CGY,3
20082009,CGY,3
20082009,CGY,2
20092010,CGY,2
20102011,CGY,2
20112012,CGY,2
20122013,CGY,2
20132014,CGY,2
20142015,CGY,2
20142015,CGY,3
20152016,CGY,2
20162017,CGY,2
20162017,CGY,3
20172018,CGY,2
20182019,CGY,3
20182019,CGY,2
20192020,CGY,2
20192020,CGY,3
20202021,CGY,2
20212022,CGY,3
20212022,CGY,2
20222023,CGY,2
20232024,CGY,2
20242025,CGY,2
19261927,CHI,2
19261927,CHI,3
19271928,CHI,2
19281929,CHI,2
19291930,CHI,3
19291930,CHI,2
19301931,CHI,3
19301931,CHI,2
19311932,CHI,2
19311932,CHI,3
19321933,CHI,2
19331934,CHI,3
19331934,CHI,2
19341935,CHI,2
19341935,CHI,3
19351936,CHI,3
19351936,CHI,2
19361937,CHI,2
19371938,CHI,2
19371938,CHI,3
19381939,CHI,2
19391940,CHI,2
19391940,CHI,3
19401941,CHI,3
19401941,CHI,2
19411942,CHI,2
19411942,CHI,3
19421943,CHI,2
19431944,CHI,3
19431944,CHI,2
19441945,CHI,2
19451946,CHI,3
19451946,CHI,2
19461947,CHI,2
19471948,CHI,2
19481949,CHI,2
19491950,CHI,2
19501951,CHI,2
19511952,CHI,2
19521953,CHI,3
19521953,CHI,2
19531954,CHI,2
19541955,CHI,2
19551956,CHI,2
19561957,CHI,2
19571958,CHI,2
19581959,CHI,2
19581959,CHI,3
19591960,CHI,2
19591960,CHI,3
19601961,CHI,2
19601961,CHI,3
19611962,CHI,2
19611962,CHI,3
19621963,CHI,2
19621963,CHI,3
19631964,CHI,2
19631964,CHI,3
19641965,CHI,2
19641965,CHI,3
19651966,CHI,2
19651966,CHI,3
19661967,CHI,3
19661967,CHI,2
19671968,CHI,3
19671968,CHI,2
19681969,CHI,2
19691970,CHI,2
19691970,CHI,3
19701971,CHI,2
19701971,CHI,3
19711972,CHI,3
19711972,CHI,2
19721973,CHI,2
19721973,CHI,3
19731974,CHI,2
19731974,CHI,3
19741975,CHI,2
19741975,CHI,3
19751976,CHI,3
19751976,CHI,2
19761977,CHI,2
19771978,CHI,2
19771978,CHI,3
19781979,CHI,3
19781979,CHI,2
19791980,CHI,3
19791980,CHI,2
19801981,CHI,3
19801981,CHI,2
19811982,CHI,2
19811982,CHI,3
19821983,CHI,3
19821983,CHI,2
19831984,CHI,2
19831984,CHI,3
19841985,CHI,3
19841985,CHI,2
19851986,CHI,2
19851986,CHI,3
19861987,CHI,3
19861987,CHI,2
19871988,CHI,3
19871988,CHI,2
19881989,CHI,2
19881989,CHI,3
19891990,CHI,2
19891990,CHI,3
19901991,CHI,2
19901991,CHI,3
19911992,CHI,3
19911992,CHI,2
19921993,CHI,3
19921993,CHI,2
19931994,CHI,3
19931994,CHI,2
19941995,CHI,3
19941995,CHI,2
19951996,CHI,2
19951996,CHI,3
19961997,CHI,3
19961997,CHI,2
19971998,CHI,2
19981999,CHI,2
19992000,CHI,2
20002001,CHI,2
20012002,CHI,3
20012002,CHI,2
20022003,CHI,2
20032004,CHI,2
20052006,CHI,2
20062007,CHI,2
20072008,CHI,2
20082009,CHI,2
20082009,CHI,3
20092010,CHI,3
20092010,CHI,2
20102011,CHI,3
20102011,CHI,2
20112012,CHI,2
20112012,CHI,3
20122013,CHI,3
20122013,CHI,2
20132014,CHI,3
20132014,CHI,2
20142015,CHI,2
20142015,CHI,3
20152016,CHI,2
20152016,CHI,3
20162017,CHI,2
20162017,CHI,3
20172018,CHI,2
20182019,CHI,2
20192020,CHI,3
20192020,CHI,2
20202021,CHI,2
20212022,CHI,2
20222023,CHI,2
20232024,CHI,2
20242025,CHI,2
19761977,CLE,2
19771978,CLE,2
19761977,CLR,2
19771978,CLR,3
19771978,CLR,2
19781979,CLR,2
19791980,CLR,2
19801981,CLR,2
19811982,CLR,2
19951996,COL,2
19951996,COL,3
19961997,COL,2
19961997,COL,3
19971998,COL,2
19971998,COL,3
19981999,COL,3
19981999,COL,2
19992000,COL,2
19992000,COL,3
20002001,COL,3
20002001,COL,2
20012002,COL,2
20012002,COL,3
20022003,COL,3
20022003,COL,2
20032004,COL,2
20032004,COL,3
20052006,COL,3
20052006,COL,2
20062007,COL,2
20072008,COL,3
20072008,COL,2
20082009,COL,2
20092010,COL,2
20092010,COL,3
20102011,COL,2
20112012,COL,2
20122013,COL,2
20132014,COL,3
20132014,COL,2
20142015,COL,2
20152016,COL,2
20162017,COL,2
20172018,COL,2
20172018,COL,3
20182019,COL,2
20182019,COL,3
20192020,COL,3
20192020,COL,2
20202021,COL,3
20202021,COL,2
20212022,COL,2
20212022,COL,3
20222023,COL,2
20222023,COL,3
20232024,COL,2
20232024,COL,3
20242025,COL,2
19931994,DAL,3
19931994,DAL,2
19941995,DAL,3
19941995,DAL,2
19951996,DAL,2
19961997,DAL,2
19961997,DAL,3
19971998,DAL,3
19971998,DAL,2
19981999,DAL,2
19981999,DAL,3
19992000,DAL,3
19992000,DAL,2
20002001,DAL,2
20002001,DAL,3
20012002,DAL,2
20022003,DAL,3
20022003,DAL,2
20032004,DAL,3
20032004,DAL,2
20052006,DAL,3
20052006,DAL,2
20062007,DAL,2
20062007,DAL,3
20072008,DAL,2
20072008,DAL,3
20082009,DAL,2
20092010,DAL,2
20102011,DAL,2
20112012,DAL,2
20122013,DAL,2
20132014,DAL,3
20132014,DAL,2
20142015,DAL,2
20152016,DAL,2
20152016,DAL,3
20162017,DAL,2
20172018,DAL,2
20182019,DAL,2
20182019,DAL,3
20192020,DAL,2
20192020,DAL,3
20202021,DAL,2
20212022,DAL,2
20212022,DAL,3
20222023,DAL,3
20222023,DAL,2
20232024,DAL,2
20232024,DAL,3
20242025,DAL,2
19261927,DCG,2
19271928,DCG,2
19281929,DCG,2
19281929,DCG,3
19291930,DCG,2
19321933,DET,2
19321933,DET,3
19331934,DET,2
19331934,DET,3
19341935,DET,2
19351936,DET,2
19351936,DET,3
19361937,DET,3
19361937,DET,2
19371938,DET,2
19381939,DET,3
19381939,DET,2
19391940,DET,2
19391940,DET,3
19401941,DET,2
19401941,DET,3
19411942,DET,3
19411942,DET,2
19421943,DET,3
19421943,DET,2
19431944,DET,3
19431944,DET,2
19441945,DET,2
19441945,DET,3
19451946,DET,2
19451946,DET,3
19461947,DET,2
19461947,DET,3
19471948,DET,2
19471948,DET,3
19481949,DET,3
19481949,DET,2
19491950,DET,3
19491950,DET,2
19501951,DET,2
19501951,DET,3
19511952,DET,3
19511952,DET,2
19521953,DET,2
19521953,DET,3
19531954,DET,3
19531954,DET,2
19541955,DET,2
19541955,DET,3
19551956,DET,2
19551956,DET,3
19561957,DET,2
19561957,DET,3
19571958,DET,2
19571958,DET,3
19581959,DET,2
19591960,DET,3
19591960,DET,2
19601961,DET,2
19601961,DET,3
19611962,DET,2
19621963,DET,3
19621963,DET,2
19631964,DET,3
19631964,DET,2
19641965,DET,2
19641965,DET,3
19651966,DET,3
19651966,DET,2
19661967,DET,2
19671968,DET,2
19681969,DET,2
19691970,DET,3
19691970,DET,2
19701971,DET,2
19711972,DET,2
19721973,DET,2
19731974,DET,2
19741975,DET,2
19751976,DET,2
19761977,DET,2
19771978,DET,3
19771978,DET,2
19781979,DET,2
19791980,DET,2
19801981,DET,2
19811982,DET,2
19821983,DET,2
19831984,DET,2
19831984,DET,3
19841985,DET,2
19841985,DET,3
19851986,DET,2
19861987,DET,3
19861987,DET,2
19871988,DET,3
19871988,DET,2
19881989,DET,2
19881989,DET,3
19891990,DET,2
19901991,DET,2
19901991,DET,3
19911992,DET,3
19911992,DET,2
19921993,DET,2
19921993,DET,3
19931994,DET,2
19931994,DET,3
19941995,DET,3
19941995,DET,2
19951996,DET,2
19951996,DET,3
19961997,DET,2
19961997,DET,3
19971998,DET,2
19971998,DET,3
19981999,DET,3
19981999,DET,2
19992000,DET,3
19992000,DET,2
20002001,DET,3
20002001,DET,2
20012002,DET,2
20012002,DET,3
20022003,DET,3
20022003,DET,2
20032004,DET,3
20032004,DET,2
20052006,DET,3
20052006,DET,2
20062007,DET,3
20062007,DET,2
20072008,DET,2
20072008,DET,3
20082009,DET,2
20082009,DET,3
20092010,DET,3
20092010,DET,2
20102011,DET,3
20102011,DET,2
20112012,DET,2
20112012,DET,3
20122013,DET,2
20122013,DET,3
20132014,DET,3
20132014,DET,2
20142015,DET,2
20142015,DET,3
20152016,DET,3
20152016,DET,2
20162017,DET,2
20172018,DET,2
20182019,DET,2
20192020,DET,2
20202021,DET,2
20212022,DET,2
20222023,DET,2
20232024,DET,2
20242025,DET,2
19301931,DFL,2
19311932,DFL,2
19311932,DFL,3
19791980,EDM,2
19791980,EDM,3
19801981,EDM,2
19801981,EDM,3
19811982,EDM,3
19811982,EDM,2
19821983,EDM,3
19821983,EDM,2
19831984,EDM,2
19831984,EDM,3
19841985,EDM,2
19841985,EDM,3
19851986,EDM,3
19851986,EDM,2
19861987,EDM,3
19861987,EDM,2
19871988,EDM,2
19871988,EDM,3
19881989,EDM,3
19881989,EDM,2
19891990,EDM,3
19891990,EDM,2
19901991,EDM,2
19901991,EDM,3
19911992,EDM,3
19911992,EDM,2
19921993,EDM,2
19931994,EDM,2
19941995,EDM,2
19951996,EDM,2
19961997,EDM,3
19961997,EDM,2
19971998,EDM,3
19971998,EDM,2
19981999,EDM,2
19981999,EDM,3
19992000,EDM,2
19992000,EDM,3
20002001,EDM,3
20002001,EDM,2
20012002,EDM,2
20022003,EDM,3
20022003,EDM,2
20032004,EDM,2
20052006,EDM,3
20052006,EDM,2
20062007,EDM,2
20072008,EDM,2
20082009,EDM,2
20092010,EDM,2
20102011,EDM,2
20112012,EDM,2
20122013,EDM,2
20132014,EDM,2
20142015,EDM,2
20152016,EDM,2
20162017,EDM,3
20162017,EDM,2
20172018,EDM,2
20182019,EDM,2
20192020,EDM,3
20192020,EDM,2
20202021,EDM,3
20202021,EDM,2
20212022,EDM,3
20212022,EDM,2
20222023,EDM,2
20222023,EDM,3
20232024,EDM,2
20232024,EDM,3
20242025,EDM,2
19931994,FLA,2
19941995,FLA,2
19951996,FLA,3
19951996,FLA,2
19961997,FLA,2
19961997,FLA,3
19971998,FLA,2
19981999,FLA,2
19992000,FLA,2
19992000,FLA,3
20002001,FLA,2
20012002,FLA,2
20022003,FLA,2
20032004,FLA,2
20052006,FLA,2
20062007,FLA,2
20072008,FLA,2
20082009,FLA,2
20092010,FLA,2
20102011,FLA,2
20112012,FLA,2
20112012,FLA,3
20122013,FLA,2
20132014,FLA,2
20142015,FLA,2
20152016,FLA,3
20152016,FLA,2
20162017,FLA,2
20172018,FLA,2
20182019,FLA,2
20192020,FLA,3
20192020,FLA,2
20202021,FLA,3
20202021,FLA,2
20212022,FLA,2
20212022,FLA,3
20222023,FLA,2
20222023,FLA,3
20232024,FLA,2
20232024,FLA,3
20242025,FLA,2
19201921,HAM,2
19211922,HAM,2
19221923,HAM,2
19231924,HAM,2
19241925,HAM,2
19791980,HFD,3
19791980,HFD,2
19801981,HFD,2
19811982,HFD,2
19821983,HFD,2
19831984,HFD,2
19841985,HFD,2
19851986,HFD,3
19851986,HFD,2
19861987,HFD,3
19861987,HFD,2
19871988,HFD,3
19871988,HFD,2
19881989,HFD,2
19881989,HFD,3
19891990,HFD,2
19891990,HFD,3
19901991,HFD,3
19901991,HFD,2
19911992,HFD,3
19911992,HFD,2
19921993,HFD,2
19931994,HFD,2
19941995,HFD,2
19951996,HFD,2
19961997,HFD,2
19741975,KCS,2
19751976,KCS,2
19671968,LAK,3
19671968,LAK,2
19681969,LAK,2
19681969,LAK,3
19691970,LAK,2
19701971,LAK,2
19711972,LAK,2
19721973,LAK,2
19731974,LAK,2
19731974,LAK,3
19741975,LAK,2
19741975,LAK,3
19751976,LAK,2
19751976,LAK,3
19761977,LAK,3
19761977,LAK,2
19771978,LAK,2
19771978,LAK,3
19781979,LAK,3
19781979,LAK,2
19791980,LAK,2
19791980,LAK,3
19801981,LAK,3
19801981,LAK,2
19811982,LAK,2
19811982,LAK,3
19821983,LAK,2
19831984,LAK,2
19841985,LAK,3
19841985,LAK,2
19851986,LAK,2
19861987,LAK,3
19861987,LAK,2
19871988,LAK,3
19871988,LAK,2
19881989,LAK,2
19881989,LAK,3
19891990,LAK,3
19891990,LAK,2
19901991,LAK,3
19901991,LAK,2
19911992,LAK,3
19911992,LAK,2
19921993,LAK,3
19921993,LAK,2
19931994,LAK,2
19941995,LAK,2
19951996,LAK,2
19961997,LAK,2
19971998,LAK,3
19971998,LAK,2
19981999,LAK,2
19992000,LAK,2
19992000,LAK,3
20002001,LAK,2
20002001,LAK,3
20012002,LAK,2
20012002,LAK,3
20022003,LAK,2
20032004,LAK,2
20052006,LAK,2
20062007,LAK,2
20072008,LAK,2
20082009,LAK,2
20092010,LAK,2
20092010,LAK,3
20102011,LAK,2
20102011,LAK,3
20112012,LAK,2
20112012,LAK,3
20122013,LAK,3
20122013,LAK,2
20132014,LAK,2
20132014,LAK,3
20142015,LAK,2
20152016,LAK,2
20152016,LAK,3
20162017,LAK,2
20172018,LAK,3
20172018,LAK,2
20182019,LAK,2
20192020,LAK,2
20202021,LAK,2
20212022,LAK,2
20212022,LAK,3
20222023,LAK,2
20222023,LAK,3
20232024,LAK,3
20232024,LAK,2
20242025,LAK,2
20002001,MIN,2
20012002,MIN,2
20022003,MIN,3
20022003,MIN,2
20032004,MIN,2
20052006,MIN,2
20062007,MIN,3
20062007,MIN,2
20072008,MIN,2
20072008,MIN,3
20082009,MIN,2
20092010,MIN,2
20102011,MIN,2
20112012,MIN,2
20122013,MIN,2
20122013,MIN,3
20132014,MIN,2
20132014,MIN,3
20142015,MIN,2
20142015,MIN,3
20152016,MIN,3
20152016,MIN,2
20162017,MIN,2
20162017,MIN,3
20172018,MIN,3
20172018,MIN,2
20182019,MIN,2
20192020,MIN,3
20192020,MIN,2
20202021,MIN,2
20202021,MIN,3
20212022,MIN,3
20212022,MIN,2
20222023,MIN,3
20222023,MIN,2
20232024,MIN,2
20242025,MIN,2
19241925,MMR,2
19251926,MMR,2
19251926,MMR,3
19261927,MMR,2
19261927,MMR,3
19271928,MMR,3
19271928,MMR,2
19281929,MMR,2
19291930,MMR,2
19291930,MMR,3
19301931,MMR,2
19301931,MMR,3
19311932,MMR,2
19311932,MMR,3
19321933,MMR,3
19321933,MMR,2
19331934,MMR,3
19331934,MMR,2
19341935,MMR,3
19341935,MMR,2
19351936,MMR,3
19351936,MMR,2
19361937,MMR,2
19361937,MMR,3
19371938,MMR,2
19671968,MNS,3
19671968,MNS,2
19681969,MNS,2
19691970,MNS,2
19691970,MNS,3
19701971,MNS,3
19701971,MNS,2
19711972,MNS,3
19711972,MNS,2
19721973,MNS,2
19721973,MNS,3
19731974,MNS,2
19741975,MNS,2
19751976,MNS,2
19761977,MNS,3
19761977,MNS,2
19771978,MNS,2
19781979,MNS,2
19791980,MNS,3
19791980,MNS,2
19801981,MNS,2
19801981,MNS,3
19811982,MNS,3
19811982,MNS,2
19821983,MNS,2
19821983,MNS,3
19831984,MNS,2
19831984,MNS,3
19841985,MNS,3
19841985,MNS,2
19851986,MNS,2
19851986,MNS,3
19861987,MNS,2
19871988,MNS,2
19881989,MNS,2
19881989,MNS,3
19891990,MNS,2
19891990,MNS,3
19901991,MNS,2
19901991,MNS,3
19911992,MNS,3
19911992,MNS,2
19921993,MNS,2
19171918,MTL,3
19171918,MTL,2
19181919,MTL,2
19181919,MTL,3
19191920,MTL,2
19201921,MTL,2
19211922,MTL,2
19221923,MTL,3
19221923,MTL,2
19231924,MTL,3
19231924,MTL,2
19241925,MTL,2
19241925,MTL,3
19251926,MTL,2
19261927,MTL,2
19261927,MTL,3
19271928,MTL,3
19271928,MTL,2
19281929,MTL,3
19281929,MTL,2
19291930,MTL,2
19291930,MTL,3
19301931,MTL,2
19301931,MTL,3
19311932,MTL,2
19311932,MTL,3
19321933,MTL,2
19321933,MTL,3
19331934,MTL,3
19331934,MTL,2
19341935,MTL,2
19341935,MTL,3
19351936,MTL,2
19361937,MTL,3
19361937,MTL,2
19371938,MTL,3
19371938,MTL,2
19381939,MTL,2
19381939,MTL,3
19391940,MTL,2
19401941,MTL,3
19401941,MTL,2
19411942,MTL,3
19411942,MTL,2
19421943,MTL,3
19421943,MTL,2
19431944,MTL,3
19431944,MTL,2
19441945,MTL,3
19441945,MTL,2
19451946,MTL,3
19451946,MTL,2
19461947,MTL,2
19461947,MTL,3
19471948,MTL,2
19481949,MTL,3
19481949,MTL,2
19491950,MTL,2
19491950,MTL,3
19501951,MTL,3
19501951,MTL,2
19511952,MTL,3
19511952,MTL,2
19521953,MTL,2
19521953,MTL,3
19531954,MTL,3
19531954,MTL,2
19541955,MTL,3
19541955,MTL,2
19551956,MTL,3
19551956,MTL,2
19561957,MTL,3
19561957,MTL,2
19571958,MTL,2
19571958,MTL,3
19581959,MTL,2
19581959,MTL,3
19591960,MTL,3
19591960,MTL,2
19601961,MTL,3
19601961,MTL,2
19611962,MTL,3
19611962,MTL,2
19621963,MTL,2
19621963,MTL,3
19631964,MTL,2
19631964,MTL,3
19641965,MTL,3
19641965,MTL,2
19651966,MTL,2
19651966,MTL,3
19661967,MTL,2
19661967,MTL,3
19671968,MTL,3
19671968,MTL,2
19681969,MTL,2
19681969,MTL,3
19691970,MTL,2
19701971,MTL,3
19701971,MTL,2
19711972,MTL,3
19711972,MTL,2
19721973,MTL,3
19721973,MTL,2
19731974,MTL,3
19731974,MTL,2
19741975,MTL,3
19741975,MTL,2
19751976,MTL,3
19751976,MTL,2
19761977,MTL,3
19761977,MTL,2
19771978,MTL,3
19771978,MTL,2
19781979,MTL,2
19781979,MTL,3
19791980,MTL,3
19791980,MTL,2
19801981,MTL,2
19801981,MTL,3
19811982,MTL,2
19811982,MTL,3
19821983,MTL,2
19821983,MTL,3
19831984,MTL,3
19831984,MTL,2
19841985,MTL,3
19841985,MTL,2
19851986,MTL,2
19851986,MTL,3
19861987,MTL,2
19861987,MTL,3
19871988,MTL,3
19871988,MTL,2
19881989,MTL,3
19881989,MTL,2
19891990,MTL,2
19891990,MTL,3
19901991,MTL,2
19901991,MTL,3
19911992,MTL,3
19911992,MTL,2
19921993,MTL,2
19921993,MTL,3
19931994,MTL,3
19931994,MTL,2
19941995,MTL,2
19951996,MTL,3
19951996,MTL,2
19961997,MTL,3
19961997,MTL,2
19971998,MTL,3
19971998,MTL,2
19981999,MTL,2
19992000,MTL,2
20002001,MTL,2
20012002,MTL,2
20012002,MTL,3
20022003,MTL,2
20032004,MTL,3
20032004,MTL,2
20052006,MTL,2
20052006,MTL,3
20062007,MTL,2
20072008,MTL,3
20072008,MTL,2
20082009,MTL,3
20082009,MTL,2
20092010,MTL,3
20092010,MTL,2
20102011,MTL,3
20102011,MTL,2
20112012,MTL,2
20122013,MTL,3
20122013,MTL,2
20132014,MTL,2
20132014,MTL,3
20142015,MTL,3
20142015,MTL,2
20152016,MTL,2
20162017,MTL,3
20162017,MTL,2
20172018,MTL,2
20182019,MTL,2
20192020,MTL,3
20192020,MTL,2
20202021,MTL,2
20202021,MTL,3
20212022,MTL,2
20222023,MTL,2
20232024,MTL,2
20242025,MTL,2
19171918,MWN,2
19821983,NJD,2
19831984,NJD,2
19841985,NJD,2
19851986,NJD,2
19861987,NJD,2
19871988,NJD,3
19871988,NJD,2
19881989,NJD,2
19891990,NJD,2
19891990,NJD,3
19901991,NJD,2
19901991,NJD,3
19911992,NJD,3
19911992,NJD,2
19921993,NJD,2
19921993,NJD,3
19931994,NJD,3
19931994,NJD,2
19941995,NJD,2
19941995,NJD,3
19951996,NJD,2
19961997,NJD,3
19961997,NJD,2
19971998,NJD,2
19971998,NJD,3
19981999,NJD,2
19981999,NJD,3
19992000,NJD,3
19992000,NJD,2
20002001,NJD,3
20002001,NJD,2
20012002,NJD,3
20012002,NJD,2
20022003,NJD,2
20022003,NJD,3
20032004,NJD,2
20032004,NJD,3
20052006,NJD,3
20052006,NJD,2
20062007,NJD,2
20062007,NJD,3
20072008,NJD,2
20072008,NJD,3
20082009,NJD,2
20082009,NJD,3
20092010,NJD,3
20092010,NJD,2
20102011,NJD,2
20112012,NJD,2
20112012,NJD,3
20122013,NJD,2
20132014,NJD,2
20142015,NJD,2
20152016,NJD,2
20162017,NJD,2
20172018,NJD,2
20172018,NJD,3
20182019,NJD,2
20192020,NJD,2
20202021,NJD,2
20212022,NJD,2
20222023,NJD,3
20222023,NJD,2
20232024,NJD,2
20242025,NJD,2
19981999,NSH,2
19992000,NSH,2
20002001,NSH,2
20012002,NSH,2
20022003,NSH,2
20032004,NSH,3
20032004,NSH,2
20052006,NSH,3
20052006,NSH,2
20062007,NSH,2
20062007,NSH,3
20072008,NSH,3
20072008,NSH,2
20082009,NSH,2
20092010,NSH,2
20092010,NSH,3
20102011,NSH,3
20102011,NSH,2
20112012,NSH,2
20112012,NSH,3
20122013,NSH,2
20132014,NSH,2
20142015,NSH,3
20142015,NSH,2
20152016,NSH,2
20152016,NSH,3
20162017,NSH,3
20162017,NSH,2
20172018,NSH,3
20172018,NSH,2
20182019,NSH,3
20182019,NSH,2
20192020,NSH,2
20192020,NSH,3
20202021,NSH,3
20202021,NSH,2
20212022,NSH,3
20212022,NSH,2
20222023,NSH,2
20232024,NSH,3
20232024,NSH,2
20242025,NSH,2
19251926,NYA,2
19261927,NYA,2
19271928,NYA,2
19281929,NYA,3
19281929,NYA,2
19291930,NYA,2
19301931,NYA,2
19311932,NYA,2
19321933,NYA,2
19331934,NYA,2
19341935,NYA,2
19351936,NYA,2
19351936,NYA,3
19361937,NYA,2
19371938,NYA,2
19371938,NYA,3
19381939,NYA,3
19381939,NYA,2
19391940,NYA,2
19391940,NYA,3
19401941,NYA,2
19721973,NYI,2
19731974,NYI,2
19741975,NYI,3
19741975,NYI,2
19751976,NYI,2
19751976,NYI,3
19761977,NYI,3
19761977,NYI,2
19771978,NYI,2
19771978,NYI,3
19781979,NYI,2
19781979,NYI,3
19791980,NYI,3
19791980,NYI,2
19801981,NYI,3
19801981,NYI,2
19811982,NYI,3
19811982,NYI,2
19821983,NYI,3
19821983,NYI,2
19831984,NYI,3
19831984,NYI,2
19841985,NYI,2
19841985,NYI,3
19851986,NYI,2
19851986,NYI,3
19861987,NYI,2
19861987,NYI,3
19871988,NYI,3
19871988,NYI,2
19881989,NYI,2
19891990,NYI,3
19891990,NYI,2
19901991,NYI,2
19911992,NYI,2
19921993,NYI,3
19921993,NYI,2
19931994,NYI,2
19931994,NYI,3
19941995,NYI,2
19951996,NYI,2
19961997,NYI,2
19971998,NYI,2
19981999,NYI,2
19992000,NYI,2
20002001,NYI,2
20012002,NYI,3
20012002,NYI,2
20022003,NYI,2
20022003,NYI,3
20032004,NYI,2
20032004,NYI,3
20052006,NYI,2
20062007,NYI,2
20062007,NYI,3
20072008,NYI,2
20082009,NYI,2
20092010,NYI,2
20102011,NYI,2
20112012,NYI,2
20122013,NYI,2
20122013,NYI,3
20132014,NYI,2
20142015,NYI,2
20142015,NYI,3
20152016,NYI,3
20152016,NYI,2
20162017,NYI,2
20172018,NYI,2
20182019,NYI,2
20182019,NYI,3
20192020,NYI,3
20192020,NYI,2
20202021,NYI,3
20202021,NYI,2
20212022,NYI,2
20222023,NYI,2
20222023,NYI,3
20232024,NYI,3
20232024,NYI,2
20242025,NYI,2
19261927,NYR,2
19261927,NYR,3
19271928,NYR,3
19271928,NYR,2
19281929,NYR,2
19281929,NYR,3
19291930,NYR,2
19291930,NYR,3
19301931,NYR,2
19301931,NYR,3
19311932,NYR,3
19311932,NYR,2
19321933,NYR,3
19321933,NYR,2
19331934,NYR,2
19331934,NYR,3
19341935,NYR,3
19341935,NYR,2
19351936,NYR,2
19361937,NYR,3
19361937,NYR,2
19371938,NYR,2
19371938,NYR,3
19381939,NYR,2
19381939,NYR,3
19391940,NYR,3
19391940,NYR,2
19401941,NYR,2
19401941,NYR,3
19411942,NYR,3
19411942,NYR,2
19421943,NYR,2
19431944,NYR,2
19441945,NYR,2
19451946,NYR,2
19461947,NYR,2
19471948,NYR,2
19471948,NYR,3
19481949,NYR,2
19491950,NYR,3
19491950,NYR,2
19501951,NYR,2
19511952,NYR,2
19521953,NYR,2
19531954,NYR,2
19541955,NYR,2
19551956,NYR,3
19551956,NYR,2
19561957,NYR,2
19561957,NYR,3
19571958,NYR,3
19571958,NYR,2
19581959,NYR,2
19591960,NYR,2
19601961,NYR,2
19611962,NYR,3
19611962,NYR,2
19621963,NYR,2
19631964,NYR,2
19641965,NYR,2
19651966,NYR,2
19661967,NYR,2
19661967,NYR,3
19671968,NYR,2
19671968,NYR,3
19681969,NYR,2
19681969,NYR,3
19691970,NYR,2
19691970,NYR,3
19701971,NYR,3
19701971,NYR,2
19711972,NYR,2
19711972,NYR,3
19721973,NYR,2
19721973,NYR,3
19731974,NYR,3
19731974,NYR,2
19741975,NYR,2
19741975,NYR,3
19751976,NYR,2
19761977,NYR,2
19771978,NYR,3
19771978,NYR,2
19781979,NYR,2
19781979,NYR,3
19791980,NYR,3
19791980,NYR,2
19801981,NYR,2
19801981,NYR,3
19811982,NYR,3
19811982,NYR,2
19821983,NYR,3
19821983,NYR,2
19831984,NYR,3
19831984,NYR,2
19841985,NYR,3
19841985,NYR,2
19851986,NYR,2
19851986,NYR,3
19861987,NYR,2
19861987,NYR,3
19871988,NYR,2
19881989,NYR,3
19881989,NYR,2
19891990,NYR,2
19891990,NYR,3
19901991,NYR,2
19901991,NYR,3
19911992,NYR,3
19911992,NYR,2
19921993,NYR,2
19931994,NYR,2
19931994,NYR,3
19941995,NYR,3
19941995,NYR,2
19951996,NYR,3
19951996,NYR,2
19961997,NYR,2
19961997,NYR,3
19971998,NYR,2
19981999,NYR,2
19992000,NYR,2
20002001,NYR,2
20012002,NYR,2
20022003,NYR,2
20032004,NYR,2
20052006,NYR,3
20052006,NYR,2
20062007,NYR,3
20062007,NYR,2
20072008,NYR,3
20072008,NYR,2
20082009,NYR,2
20082009,NYR,3
20092010,NYR,2
20102011,NYR,2
20102011,NYR,3
20112012,NYR,3
20112012,NYR,2
20122013,NYR,3
20122013,NYR,2
20132014,NYR,2
20132014,NYR,3
20142015,NYR,3
20142015,NYR,2
20152016,NYR,3
20152016,NYR,2
20162017,NYR,2
20162017,NYR,3
20172018,NYR,2
20182019,NYR,2
20192020,NYR,2
20192020,NYR,3
20202021,NYR,2
20212022,NYR,3
20212022,NYR,2
20222023,NYR,2
20222023,NYR,3
20232024,NYR,3
20232024,NYR,2
20242025,NYR,2
19671968,OAK,2
19681969,OAK,2
19681969,OAK,3
19691970,OAK,2
19691970,OAK,3
19921993,OTT,2
19931994,OTT,2
19941995,OTT,2
19951996,OTT,2
19961997,OTT,2
19961997,OTT,3
19971998,OTT,2
19971998,OTT,3
19981999,OTT,2
19981999,OTT,3
19992000,OTT,3
19992000,OTT,2
20002001,OTT,2
20002001,OTT,3
20012002,OTT,2
20012002,OTT,3
20022003,OTT,2
20022003,OTT,3
20032004,OTT,3
20032004,OTT,2
20052006,OTT,3
20052006,OTT,2
20062007,OTT,3
20062007,OTT,2
20072008,OTT,2
20072008,OTT,3
20082009,OTT,2
20092010,OTT,2
20092010,OTT,3
20102011,OTT,2
20112012,OTT,2
20112012,OTT,3
20122013,OTT,3
20122013,OTT,2
20132014,OTT,2
20142015,OTT,2
20142015,OTT,3
20152016,OTT,2
20162017,OTT,2
20162017,OTT,3
20172018,OTT,2
20182019,OTT,2
20192020,OTT,2
20202021,OTT,2
20212022,OTT,2
20222023,OTT,2
20232024,OTT,2
20242025,OTT,2
19671968,PHI,2
19671968,PHI,3
19681969,PHI,3
19681969,PHI,2
19691970,PHI,2
19701971,PHI,2
19701971,PHI,3
19711972,PHI,2
19721973,PHI,3
19721973,PHI,2
19731974,PHI,3
19731974,PHI,2
19741975,PHI,2
19741975,PHI,3
19751976,PHI,2
19751976,PHI,3
19761977,PHI,3
19761977,PHI,2
19771978,PHI,2
19771978,PHI,3
19781979,PHI,3
19781979,PHI,2
19791980,PHI,3
19791980,PHI,2
19801981,PHI,3
19801981,PHI,2
19811982,PHI,2
19811982,PHI,3
19821983,PHI,2
19821983,PHI,3
19831984,PHI,3
19831984,PHI,2
19841985,PHI,2
19841985,PHI,3
19851986,PHI,3
19851986,PHI,2
19861987,PHI,3
19861987,PHI,2
19871988,PHI,3
19871988,PHI,2
19881989,PHI,2
19881989,PHI,3
19891990,PHI,2
19901991,PHI,2
19911992,PHI,2
19921993,PHI,2
19931994,PHI,2
19941995,PHI,3
19941995,PHI,2
19951996,PHI,2
19951996,PHI,3
19961997,PHI,2
19961997,PHI,3
19971998,PHI,3
19971998,PHI,2
19981999,PHI,2
19981999,PHI,3
19992000,PHI,2
19992000,PHI,3
20002001,PHI,2
20002001,PHI,3
20012002,PHI,2
20012002,PHI,3
20022003,PHI,3
20022003,PHI,2
20032004,PHI,3
20032004,PHI,2
20052006,PHI,3
20052006,PHI,2
20062007,PHI,2
20072008,PHI,2
20072008,PHI,3
20082009,PHI,3
20082009,PHI,2
20092010,PHI,2
20092010,PHI,3
20102011,PHI,2
20102011,PHI,3
20112012,PHI,3
20112012,PHI,2
20122013,PHI,2
20132014,PHI,3
20132014,PHI,2
20142015,PHI,2
20152016,PHI,2
20152016,PHI,3
20162017,PHI,2
20172018,PHI,3
20172018,PHI,2
20182019,PHI,2
20192020,PHI,2
20192020,PHI,3
20202021,PHI,2
20212022,PHI,2
20222023,PHI,2
20232024,PHI,2
20242025,PHI,2
19961997,PHX,3
19961997,PHX,2
19971998,PHX,2
19971998,PHX,3
19981999,PHX,2
19981999,PHX,3
19992000,PHX,3
19992000,PHX,2
20002001,PHX,2
20012002,PHX,2
20012002,PHX,3
20022003,PHX,2
20032004,PHX,2
20052006,PHX,2
20062007,PHX,2
20072008,PHX,2
20082009,PHX,2
20092010,PHX,3
20092010,PHX,2
20102011,PHX,3
20102011,PHX,2
20112012,PHX,3
20112012,PHX,2
20122013,PHX,2
20132014,PHX,2
19251926,PIR,3
19251926,PIR,2
19261927,PIR,2
19271928,PIR,2
19281929,PIR,2
19291930,PIR,2
19671968,PIT,2
19681969,PIT,2
19691970,PIT,3
19691970,PIT,2
19701971,PIT,2
19711972,PIT,2
19711972,PIT,3
19721973,PIT,2
19731974,PIT,2
19741975,PIT,2
19741975,PIT,3
19751976,PIT,2
19751976,PIT,3
19761977,PIT,3
19761977,PIT,2
19771978,PIT,2
19781979,PIT,3
19781979,PIT,2
19791980,PIT,3
19791980,PIT,2
19801981,PIT,3
19801981,PIT,2
19811982,PIT,3
19811982,PIT,2
19821983,PIT,2
19831984,PIT,2
19841985,PIT,2
19851986,PIT,2
19861987,PIT,2
19871988,PIT,2
19881989,PIT,3
19881989,PIT,2
19891990,PIT,2
19901991,PIT,3
19901991,PIT,2
19911992,PIT,3
19911992,PIT,2
19921993,PIT,3
19921993,PIT,2
19931994,PIT,3
19931994,PIT,2
19941995,PIT,3
19941995,PIT,2
19951996,PIT,3
19951996,PIT,2
19961997,PIT,2
19961997,PIT,3
19971998,PIT,3
19971998,PIT,2
19981999,PIT,3
19981999,PIT,2
19992000,PIT,3
19992000,PIT,2
20002001,PIT,2
20002001,PIT,3
20012002,PIT,2
20022003,PIT,2
20032004,PIT,2
20052006,PIT,2
20062007,PIT,2
20062007,PIT,3
20072008,PIT,2
20072008,PIT,3
20082009,PIT,2
20082009,PIT,3
20092010,PIT,3
20092010,PIT,2
20102011,PIT,2
20102011,PIT,3
20112012,PIT,3
20112012,PIT,2
20122013,PIT,3
20122013,PIT,2
20132014,PIT,3
20132014,PIT,2
20142015,PIT,2
20142015,PIT,3
20152016,PIT,3
20152016,PIT,2
20162017,PIT,2
20162017,PIT,3
20172018,PIT,3
20172018,PIT,2
20182019,PIT,3
20182019,PIT,2
20192020,PIT,2
20192020,PIT,3
20202021,PIT,3
20202021,PIT,2
20212022,PIT,3
20212022,PIT,2
20222023,PIT,2
20232024,PIT,2
20242025,PIT,2
19191920,QBD,2
19301931,QUA,2
19791980,QUE,2
19801981,QUE,3
19801981,QUE,2
19811982,QUE,2
19811982,QUE,3
19821983,QUE,2
19821983,QUE,3
19831984,QUE,2
19831984,QUE,3
19841985,QUE,2
19841985,QUE,3
19851986,QUE,3
19851986,QUE,2
19861987,QUE,2
19861987,QUE,3
19871988,QUE,2
19881989,QUE,2
19891990,QUE,2
19901991,QUE,2
19911992,QUE,2
19921993,QUE,2
19921993,QUE,3
19931994,QUE,2
19941995,QUE,2
19941995,QUE,3
20212022,SEA,2
20222023,SEA,2
20222023,SEA,3
20232024,SEA,2
20242025,SEA,2
19171918,SEN,2
19181919,SEN,2
19181919,SEN,3
19191920,SEN,2
19191920,SEN,3
19201921,SEN,3
19201921,SEN,2
19211922,SEN,3
19211922,SEN,2
19221923,SEN,3
19221923,SEN,2
19231924,SEN,3
19231924,SEN,2
19241925,SEN,2
19251926,SEN,3
19251926,SEN,2
19261927,SEN,2
19261927,SEN,3
19271928,SEN,2
19271928,SEN,3
19281929,SEN,2
19291930,SEN,2
19291930,SEN,3
19301931,SEN,2
19321933,SEN,2
19331934,SEN,2
19911992,SJS,2
19921993,SJS,2
19931994,SJS,2
19931994,SJS,3
19941995,SJS,2
19941995,SJS,3
19951996,SJS,2
19961997,SJS,2
19971998,SJS,3
19971998,SJS,2
19981999,SJS,3
19981999,SJS,2
19992000,SJS,2
19992000,SJS,3
20002001,SJS,3
20002001,SJS,2
20012002,SJS,3
20012002,SJS,2
20022003,SJS,2
20032004,SJS,2
20032004,SJS,3
20052006,SJS,3
20052006,SJS,2
20062007,SJS,3
20062007,SJS,2
20072008,SJS,2
20072008,SJS,3
20082009,SJS,3
20082009,SJS,2
20092010,SJS,2
20092010,SJS,3
20102011,SJS,3
20102011,SJS,2
20112012,SJS,2
20112012,SJS,3
20122013,SJS,2
20122013,SJS,3
20132014,SJS,3
20132014,SJS,2
20142015,SJS,2
20152016,SJS,2
20152016,SJS,3
20162017,SJS,3
20162017,SJS,2
20172018,SJS,2
20172018,SJS,3
20182019,SJS,2
20182019,SJS,3
20192020,SJS,2
20202021,SJS,2
20212022,SJS,2
20222023,SJS,2
20232024,SJS,2
20242025,SJS,2
19341935,SLE,2
19671968,STL,2
19671968,STL,3
19681969,STL,3
19681969,STL,2
19691970,STL,2
19691970,STL,3
19701971,STL,2
19701971,STL,3
19711972,STL,3
19711972,STL,2
19721973,STL,2
19721973,STL,3
19731974,STL,2
19741975,STL,2
19741975,STL,3
19751976,STL,2
19751976,STL,3
19761977,STL,2
19761977,STL,3
19771978,STL,2
19781979,STL,2
19791980,STL,3
19791980,STL,2
19801981,STL,2
19801981,STL,3
19811982,STL,2
19811982,STL,3
19821983,STL,2
19821983,STL,3
19831984,STL,2
19831984,STL,3
19841985,STL,3
19841985,STL,2
19851986,STL,3
19851986,STL,2
19861987,STL,3
19861987,STL,2
19871988,STL,2
19871988,STL,3
19881989,STL,3
19881989,STL,2
19891990,STL,3
19891990,STL,2
19901991,STL,3
19901991,STL,2
19911992,STL,3
19911992,STL,2
19921993,STL,3
19921993,STL,2
19931994,STL,2
19931994,STL,3
19941995,STL,2
19941995,STL,3
19951996,STL,3
19951996,STL,2
19961997,STL,3
19961997,STL,2
19971998,STL,3
19971998,STL,2
19981999,STL,3
19981999,STL,2
19992000,STL,2
19992000,STL,3
20002001,STL,2
20002001,STL,3
20012002,STL,3
20012002,STL,2
20022003,STL,3
20022003,STL,2
20032004,STL,3
20032004,STL,2
20052006,STL,2
20062007,STL,2
20072008,STL,2
20082009,STL,2
20082009,STL,3
20092010,STL,2
20102011,STL,2
20112012,STL,3
20112012,STL,2
20122013,STL,3
20122013,STL,2
20132014,STL,3
20132014,STL,2
20142015,STL,3
20142015,STL,2
20152016,STL,3
20152016,STL,2
20162017,STL,2
20162017,STL,3
20172018,STL,2
20182019,STL,2
20182019,STL,3
20192020,STL,2
20192020,STL,3
20202021,STL,3
20202021,STL,2
20212022,STL,3
20212022,STL,2
20222023,STL,2
20232024,STL,2
20242025,STL,2
19171918,TAN,3
19171918,TAN,2
19181919,TAN,2
19921993,TBL,2
19931994,TBL,2
19941995,TBL,2
19951996,TBL,2
19951996,TBL,3
19961997,TBL,2
19971998,TBL,2
19981999,TBL,2
19992000,TBL,2
20002001,TBL,2
20012002,TBL,2
20022003,TBL,3
20022003,TBL,2
20032004,TBL,2
20032004,TBL,3
20052006,TBL,3
20052006,TBL,2
20062007,TBL,2
20062007,TBL,3
20072008,TBL,2
20082009,TBL,2
20092010,TBL,2
20102011,TBL,3
20102011,TBL,2
20112012,TBL,2
20122013,TBL,2
20132014,TBL,3
20132014,TBL,2
20142015,TBL,3
20142015,TBL,2
20152016,TBL,3
20152016,TBL,2
20162017,TBL,2
20172018,TBL,2
20172018,TBL,3
20182019,TBL,3
20182019,TBL,2
20192020,TBL,3
20192020,TBL,2
20202021,TBL,3
20202021,TBL,2
20212022,TBL,3
20212022,TBL,2
20222023,TBL,2
20222023,TBL,3
20232024,TBL,3
20232024,TBL,2
20242025,TBL,2
19271928,TOR,2
19281929,TOR,2
19281929,TOR,3
19291930,TOR,2
19301931,TOR,2
19301931,TOR,3
19311932,TOR,3
19311932,TOR,2
19321933,TOR,2
19321933,TOR,3
19331934,TOR,2
19331934,TOR,3
19341935,TOR,2
19341935,TOR,3
19351936,TOR,3
19351936,TOR,2
19361937,TOR,3
19361937,TOR,2
19371938,TOR,2
19371938,TOR,3
19381939,TOR,3
19381939,TOR,2
19391940,TOR,3
19391940,TOR,2
19401941,TOR,2
19401941,TOR,3
19411942,TOR,3
19411942,TOR,2
19421943,TOR,3
19421943,TOR,2
19431944,TOR,2
19431944,TOR,3
19441945,TOR,2
19441945,TOR,3
19451946,TOR,2
19461947,TOR,2
19461947,TOR,3
19471948,TOR,2
19471948,TOR,3
19481949,TOR,3
19481949,TOR,2
19491950,TOR,3
19491950,TOR,2
19501951,TOR,2
19501951,TOR,3
19511952,TOR,3
19511952,TOR,2
19521953,TOR,2
19531954,TOR,3
19531954,TOR,2
19541955,TOR,3
19541955,TOR,2
19551956,TOR,2
19551956,TOR,3
19561957,TOR,2
19571958,TOR,2
19581959,TOR,3
19581959,TOR,2
19591960,TOR,2
19591960,TOR,3
19601961,TOR,3
19601961,TOR,2
19611962,TOR,2
19611962,TOR,3
19621963,TOR,3
19621963,TOR,2
19631964,TOR,3
19631964,TOR,2
19641965,TOR,3
19641965,TOR,2
19651966,TOR,3
19651966,TOR,2
19661967,TOR,2
19661967,TOR,3
19671968,TOR,2
19681969,TOR,2
19681969,TOR,3
19691970,TOR,2
19701971,TOR,3
19701971,TOR,2
19711972,TOR,3
19711972,TOR,2
19721973,TOR,2
19731974,TOR,3
19731974,TOR,2
19741975,TOR,3
19741975,TOR,2
19751976,TOR,2
19751976,TOR,3
19761977,TOR,3
19761977,TOR,2
19771978,TOR,3
19771978,TOR,2
19781979,TOR,3
19781979,TOR,2
19791980,TOR,3
19791980,TOR,2
19801981,TOR,2
19801981,TOR,3
19811982,TOR,2
19821983,TOR,3
19821983,TOR,2
19831984,TOR,2
19841985,TOR,2
19851986,TOR,3
19851986,TOR,2
19861987,TOR,3
19861987,TOR,2
19871988,TOR,2
19871988,TOR,3
19881989,TOR,2
19891990,TOR,3
19891990,TOR,2
19901991,TOR,2
19911992,TOR,2
19921993,TOR,2
19921993,TOR,3
19931994,TOR,3
19931994,TOR,2
19941995,TOR,3
19941995,TOR,2
19951996,TOR,2
19951996,TOR,3
19961997,TOR,2
19971998,TOR,2
19981999,TOR,2
19981999,TOR,3
19992000,TOR,2
19992000,TOR,3
20002001,TOR,3
20002001,TOR,2
20012002,TOR,2
20012002,TOR,3
20022003,TOR,3
20022003,TOR,2
20032004,TOR,2
20032004,TOR,3
20052006,TOR,2
20062007,TOR,2
20072008,TOR,2
20082009,TOR,2
20092010,TOR,2
20102011,TOR,2
20112012,TOR,2
20122013,TOR,3
20122013,TOR,2
20132014,TOR,2
20142015,TOR,2
20152016,TOR,2
20162017,TOR,2
20162017,TOR,3
20172018,TOR,3
20172018,TOR,2
20182019,TOR,2
20182019,TOR,3
20192020,TOR,3
20192020,TOR,2
20202021,TOR,3
20202021,TOR,2
20212022,TOR,2
20212022,TOR,3
20222023,TOR,3
20222023,TOR,2
20232024,TOR,2
20232024,TOR,3
20242025,TOR,2
19191920,TSP,2
19201921,TSP,3
19201921,TSP,2
19211922,TSP,2
19211922,TSP,3
19221923,TSP,2
19231924,TSP,2
19241925,TSP,2
19241925,TSP,3
19251926,TSP,2
19261927,TSP,2
20242025,UTA,2
19701971,VAN,2
19711972,VAN,2
19721973,VAN,2
19731974,VAN,2
19741975,VAN,3
19741975,VAN,2
19751976,VAN,3
19751976,VAN,2
19761977,VAN,2
19771978,VAN,2
19781979,VAN,2
19781979,VAN,3
19791980,VAN,2
19791980,VAN,3
19801981,VAN,2
19801981,VAN,3
19811982,VAN,2
19811982,VAN,3
19821983,VAN,2
19821983,VAN,3
19831984,VAN,2
19831984,VAN,3
19841985,VAN,2
19851986,VAN,2
19851986,VAN,3
19861987,VAN,2
19871988,VAN,2
19881989,VAN,3
19881989,VAN,2
19891990,VAN,2
19901991,VAN,3
19901991,VAN,2
19911992,VAN,2
19911992,VAN,3
19921993,VAN,2
19921993,VAN,3
19931994,VAN,3
19931994,VAN,2
19941995,VAN,2
19941995,VAN,3
19951996,VAN,3
19951996,VAN,2
19961997,VAN,2
19971998,VAN,2
19981999,VAN,2
19992000,VAN,2
20002001,VAN,2
20002001,VAN,3
20012002,VAN,3
20012002,VAN,2
20022003,VAN,3
20022003,VAN,2
20032004,VAN,3
20032004,VAN,2
20052006,VAN,2
20062007,VAN,2
20062007,VAN,3
20072008,VAN,2
20082009,VAN,3
20082009,VAN,2
20092010,VAN,2
20092010,VAN,3
20102011,VAN,3
20102011,VAN,2
20112012,VAN,3
20112012,VAN,2
20122013,VAN,2
20122013,VAN,3
20132014,VAN,2
20142015,VAN,3
20142015,VAN,2
20152016,VAN,2
20162017,VAN,2
20172018,VAN,2
20182019,VAN,2
20192020,VAN,3
20192020,VAN,2
20202021,VAN,2
20212022,VAN,2
20222023,VAN,2
20232024,VAN,2
20232024,VAN,3
20242025,VAN,2
20172018,VGK,2
20172018,VGK,3
20182019,VGK,2
20182019,VGK,3
20192020,VGK,2
20192020,VGK,3
20202021,VGK,3
20202021,VGK,2
20212022,VGK,2
20222023,VGK,3
20222023,VGK,2
20232024,VGK,2
20232024,VGK,3
20242025,VGK,2
19791980,WIN,2
19801981,WIN,2
19811982,WIN,2
19811982,WIN,3
19821983,WIN,3
19821983,WIN,2
19831984,WIN,3
19831984,WIN,2
19841985,WIN,2
19841985,WIN,3
19851986,WIN,2
19851986,WIN,3
19861987,WIN,2
19861987,WIN,3
19871988,WIN,3
19871988,WIN,2
19881989,WIN,2
19891990,WIN,3
19891990,WIN,2
19901991,WIN,2
19911992,WIN,3
19911992,WIN,2
19921993,WIN,3
19921993,WIN,2
19931994,WIN,2
19941995,WIN,2
19951996,WIN,2
19951996,WIN,3
20112012,WPG,2
20122013,WPG,2
20132014,WPG,2
20142015,WPG,3
20142015,WPG,2
20152016,WPG,2
20162017,WPG,2
20172018,WPG,2
20172018,WPG,3
20182019,WPG,2
20182019,WPG,3
20192020,WPG,2
20192020,WPG,3
20202021,WPG,2
20202021,WPG,3
20212022,WPG,2
20222023,WPG,2
20222023,WPG,3
20232024,WPG,2
20232024,WPG,3
20242025,WPG,2
19741975,WSH,2
19751976,WSH,2
19761977,WSH,2
19771978,WSH,2
19781979,WSH,2
19791980,WSH,2
19801981,WSH,2
19811982,WSH,2
19821983,WSH,3
19821983,WSH,2
19831984,WSH,2
19831984,WSH,3
19841985,WSH,2
19841985,WSH,3
19851986,WSH,2
19851986,WSH,3
19861987,WSH,3
19861987,WSH,2
19871988,WSH,2
19871988,WSH,3
19881989,WSH,3
19881989,WSH,2
19891990,WSH,3
19891990,WSH,2
19901991,WSH,3
19901991,WSH,2
19911992,WSH,3
19911992,WSH,2
19921993,WSH,2
19921993,WSH,3
19931994,WSH,3
19931994,WSH,2
19941995,WSH,2
19941995,WSH,3
19951996,WSH,3
19951996,WSH,2
19961997,WSH,2
19971998,WSH,3
19971998,WSH,2
19981999,WSH,2
19992000,WSH,2
19992000,WSH,3
20002001,WSH,2
20002001,WSH,3
20012002,WSH,2
20022003,WSH,2
20022003,WSH,3
20032004,WSH,2
20052006,WSH,2
20062007,WSH,2
20072008,WSH,3
20072008,WSH,2
20082009,WSH,2
20082009,WSH,3
20092010,WSH,3
20092010,WSH,2
20102011,WSH,2
20102011,WSH,3
20112012,WSH,3
20112012,WSH,2
20122013,WSH,3
20122013,WSH,2
20132014,WSH,2
20142015,WSH,3
20142015,WSH,2
20152016,WSH,2
20152016,WSH,3
20162017,WSH,2
20162017,WSH,3
20172018,WSH,2
20172018,WSH,3
20182019,WSH,3
20182019,WSH,2
20192020,WSH,3
20192020,WSH,2
20202021,WSH,3
20202021,WSH,2
20212022,WSH,2
20212022,WSH,3
20222023,WSH,2
20232024,WSH,3
20232024,WSH,2
20242025,WSH,2
