team_id,season_id
AFM,19771978
AFM,19741975
AFM,19761977
AFM,19751976
AFM,19781979
AFM,19791980
AFM,19731974
AFM,19721973
ANA,20112012
ANA,19981999
ANA,19961997
ANA,19992000
ANA,19931994
ANA,20122013
ANA,20062007
ANA,20182019
ANA,20212022
ANA,20172018
ANA,20012002
ANA,20202021
ANA,19941995
ANA,20132014
ANA,20102011
ANA,19971998
ANA,20192020
ANA,20142015
ANA,20092010
ANA,19951996
ANA,20242025
ANA,20032004
ANA,20072008
ANA,20022003
ANA,20002001
ANA,20082009
ANA,20152016
ANA,20052006
ANA,20232024
ANA,20222023
ANA,20162017
ARI,20182019
ARI,20212022
ARI,20172018
ARI,20202021
ARI,20152016
ARI,20232024
ARI,20222023
ARI,20162017
ARI,20192020
ARI,20142015
ATL,20092010
ATL,20002001
ATL,20082009
ATL,20012002
ATL,20032004
ATL,20052006
ATL,20072008
ATL,20022003
ATL,19992000
ATL,20102011
ATL,20062007
BOS,19251926
BOS,19981999
BOS,19311932
BOS,19441945
BOS,19341935
BOS,19992000
BOS,19511952
BOS,19871988
BOS,20212022
BOS,19381939
BOS,20172018
BOS,19411942
BOS,19791980
BOS,20102011
BOS,19971998
BOS,19641965
BOS,19331934
BOS,19901991
BOS,19501951
BOS,19531954
BOS,19421943
BOS,19271928
BOS,19581959
BOS,19651966
BOS,19621963
BOS,19681969
BOS,19541955
BOS,19471948
BOS,20122013
BOS,19591960
BOS,19451946
BOS,19841985
BOS,19661967
BOS,20192020
BOS,19721973
BOS,19951996
BOS,19241925
BOS,19811982
BOS,19911992
BOS,19401941
BOS,20052006
BOS,20222023
BOS,19301931
BOS,20112012
BOS,19551956
BOS,19521953
BOS,19281929
BOS,19261927
BOS,20182019
BOS,19671968
BOS,20202021
BOS,19831984
BOS,19891990
BOS,20142015
BOS,19761977
BOS,20242025
BOS,19731974
BOS,19701971
BOS,19361937
BOS,19491950
BOS,19291930
BOS,19371938
BOS,19391940
BOS,20152016
BOS,19611962
BOS,19601961
BOS,20232024
BOS,19921993
BOS,19961997
BOS,19571958
BOS,19931994
BOS,19821983
BOS,20062007
BOS,19461947
BOS,19741975
BOS,20012002
BOS,19481949
BOS,19941995
BOS,20132014
BOS,19631964
BOS,19561957
BOS,19321933
BOS,20092010
BOS,19351936
BOS,19691970
BOS,19771978
BOS,20032004
BOS,19781979
BOS,19751976
BOS,20072008
BOS,20022003
BOS,19801981
BOS,19711972
BOS,19881989
BOS,19851986
BOS,20002001
BOS,20082009
BOS,19861987
BOS,19431944
BOS,20162017
BRK,19411942
BUF,20112012
BUF,19981999
BUF,19961997
BUF,19992000
BUF,19931994
BUF,19821983
BUF,20122013
BUF,20062007
BUF,19871988
BUF,20182019
BUF,20212022
BUF,20172018
BUF,20012002
BUF,19741975
BUF,20202021
BUF,19941995
BUF,19791980
BUF,20132014
BUF,19831984
BUF,19841985
BUF,20102011
BUF,19971998
BUF,20192020
BUF,19891990
BUF,19721973
BUF,20142015
BUF,20092010
BUF,19951996
BUF,19771978
BUF,19761977
BUF,20242025
BUF,20032004
BUF,19781979
BUF,19751976
BUF,20072008
BUF,20022003
BUF,19801981
BUF,19731974
BUF,19701971
BUF,19901991
BUF,19881989
BUF,19711972
BUF,19811982
BUF,19851986
BUF,19911992
BUF,20002001
BUF,20082009
BUF,19861987
BUF,20152016
BUF,20052006
BUF,20232024
BUF,20222023
BUF,20162017
BUF,19921993
CAR,20112012
CAR,19981999
CAR,19992000
CAR,20122013
CAR,20062007
CAR,20182019
CAR,20212022
CAR,20172018
CAR,20012002
CAR,20202021
CAR,20132014
CAR,20102011
CAR,19971998
CAR,20192020
CAR,20142015
CAR,20092010
CAR,20242025
CAR,20032004
CAR,20072008
CAR,20022003
CAR,20002001
CAR,20082009
CAR,20152016
CAR,20052006
CAR,20232024
CAR,20222023
CAR,20162017
CBJ,20112012
CBJ,20122013
CBJ,20062007
CBJ,20182019
CBJ,20212022
CBJ,20172018
CBJ,20012002
CBJ,20202021
CBJ,20132014
CBJ,20102011
CBJ,20192020
CBJ,20142015
CBJ,20092010
CBJ,20242025
CBJ,20032004
CBJ,20072008
CBJ,20022003
CBJ,20002001
CBJ,20082009
CBJ,20152016
CBJ,20052006
CBJ,20232024
CBJ,20222023
CBJ,20162017
CGY,20112012
CGY,19981999
CGY,19961997
CGY,19992000
CGY,19931994
CGY,19821983
CGY,20122013
CGY,20062007
CGY,19871988
CGY,20182019
CGY,20212022
CGY,20172018
CGY,20012002
CGY,20202021
CGY,19941995
CGY,20132014
CGY,19831984
CGY,19841985
CGY,20102011
CGY,19971998
CGY,20192020
CGY,19891990
CGY,20142015
CGY,20092010
CGY,19951996
CGY,20242025
CGY,20032004
CGY,20072008
CGY,20022003
CGY,19801981
CGY,19901991
CGY,19881989
CGY,19811982
CGY,19851986
CGY,19911992
CGY,20002001
CGY,20082009
CGY,19861987
CGY,20152016
CGY,20052006
CGY,20232024
CGY,20222023
CGY,20162017
CGY,19921993
CHI,19981999
CHI,19311932
CHI,19441945
CHI,19341935
CHI,19992000
CHI,19511952
CHI,19871988
CHI,20212022
CHI,19381939
CHI,20172018
CHI,19411942
CHI,19791980
CHI,20102011
CHI,19971998
CHI,19641965
CHI,19331934
CHI,19901991
CHI,19501951
CHI,19531954
CHI,19421943
CHI,19271928
CHI,19581959
CHI,19651966
CHI,19621963
CHI,19681969
CHI,19541955
CHI,19471948
CHI,20122013
CHI,19591960
CHI,19451946
CHI,19841985
CHI,19661967
CHI,20192020
CHI,19721973
CHI,19951996
CHI,19811982
CHI,19911992
CHI,19401941
CHI,20052006
CHI,20222023
CHI,19301931
CHI,20112012
CHI,19551956
CHI,19521953
CHI,19281929
CHI,19261927
CHI,20182019
CHI,19671968
CHI,20202021
CHI,19831984
CHI,19891990
CHI,20142015
CHI,19761977
CHI,20242025
CHI,19731974
CHI,19701971
CHI,19361937
CHI,19491950
CHI,19291930
CHI,19371938
CHI,19391940
CHI,20152016
CHI,19611962
CHI,19601961
CHI,20232024
CHI,19921993
CHI,19961997
CHI,19571958
CHI,19931994
CHI,19821983
CHI,20062007
CHI,19461947
CHI,19741975
CHI,20012002
CHI,19481949
CHI,19941995
CHI,20132014
CHI,19631964
CHI,19561957
CHI,19321933
CHI,20092010
CHI,19351936
CHI,19691970
CHI,19771978
CHI,20032004
CHI,19781979
CHI,19751976
CHI,20072008
CHI,20022003
CHI,19801981
CHI,19711972
CHI,19881989
CHI,19851986
CHI,20002001
CHI,20082009
CHI,19861987
CHI,19431944
CHI,20162017
CLE,19771978
CLE,19761977
CLR,19771978
CLR,19761977
CLR,19781979
CLR,19791980
CLR,19801981
CLR,19811982
COL,20112012
COL,19981999
COL,19961997
COL,19992000
COL,20122013
COL,20062007
COL,20182019
COL,20212022
COL,20172018
COL,20012002
COL,20202021
COL,20132014
COL,20102011
COL,19971998
COL,20192020
COL,20142015
COL,20092010
COL,19951996
COL,20242025
COL,20032004
COL,20072008
COL,20022003
COL,20002001
COL,20082009
COL,20152016
COL,20052006
COL,20232024
COL,20222023
COL,20162017
DAL,20112012
DAL,19981999
DAL,19961997
DAL,19992000
DAL,19931994
DAL,20122013
DAL,20062007
DAL,20182019
DAL,20212022
DAL,20172018
DAL,20012002
DAL,20202021
DAL,19941995
DAL,20132014
DAL,20102011
DAL,19971998
DAL,20192020
DAL,20142015
DAL,20092010
DAL,19951996
DAL,20242025
DAL,20032004
DAL,20072008
DAL,20022003
DAL,20002001
DAL,20082009
DAL,20152016
DAL,20052006
DAL,20232024
DAL,20222023
DAL,20162017
DCG,19291930
DCG,19281929
DCG,19261927
DCG,19271928
DET,19981999
DET,19441945
DET,19341935
DET,19992000
DET,19511952
DET,19871988
DET,20212022
DET,19381939
DET,20172018
DET,19411942
DET,19791980
DET,20102011
DET,19971998
DET,19641965
DET,19331934
DET,19901991
DET,19501951
DET,19531954
DET,19421943
DET,19581959
DET,19651966
DET,19621963
DET,19681969
DET,19541955
DET,19471948
DET,20122013
DET,19591960
DET,19451946
DET,19841985
DET,19661967
DET,20192020
DET,19721973
DET,19951996
DET,19811982
DET,19911992
DET,19401941
DET,20052006
DET,20222023
DET,20112012
DET,19551956
DET,19521953
DET,20182019
DET,19671968
DET,20202021
DET,19831984
DET,19891990
DET,20142015
DET,19761977
DET,20242025
DET,19731974
DET,19701971
DET,19361937
DET,19491950
DET,19371938
DET,19391940
DET,20152016
DET,19611962
DET,19601961
DET,20232024
DET,19921993
DET,19961997
DET,19571958
DET,19931994
DET,19821983
DET,20062007
DET,19461947
DET,19741975
DET,20012002
DET,19481949
DET,19941995
DET,20132014
DET,19631964
DET,19561957
DET,19321933
DET,20092010
DET,19351936
DET,19691970
DET,19771978
DET,20032004
DET,19781979
DET,19751976
DET,20072008
DET,20022003
DET,19801981
DET,19711972
DET,19881989
DET,19851986
DET,20002001
DET,20082009
DET,19861987
DET,19431944
DET,20162017
DFL,19311932
DFL,19301931
EDM,20112012
EDM,19981999
EDM,19961997
EDM,19992000
EDM,19931994
EDM,19821983
EDM,20122013
EDM,20062007
EDM,19871988
EDM,20182019
EDM,20212022
EDM,20172018
EDM,20012002
EDM,20202021
EDM,19941995
EDM,19791980
EDM,20132014
EDM,19831984
EDM,19841985
EDM,20102011
EDM,19971998
EDM,20192020
EDM,19891990
EDM,20142015
EDM,20092010
EDM,19951996
EDM,20242025
EDM,20032004
EDM,20072008
EDM,20022003
EDM,19801981
EDM,19901991
EDM,19881989
EDM,19811982
EDM,19851986
EDM,19911992
EDM,20002001
EDM,20082009
EDM,19861987
EDM,20152016
EDM,20052006
EDM,20232024
EDM,20222023
EDM,20162017
EDM,19921993
FLA,20112012
FLA,19981999
FLA,19961997
FLA,19992000
FLA,19931994
FLA,20122013
FLA,20062007
FLA,20182019
FLA,20212022
FLA,20172018
FLA,20012002
FLA,20202021
FLA,19941995
FLA,20132014
FLA,20102011
FLA,19971998
FLA,20192020
FLA,20142015
FLA,20092010
FLA,19951996
FLA,20242025
FLA,20032004
FLA,20072008
FLA,20022003
FLA,20002001
FLA,20082009
FLA,20152016
FLA,20052006
FLA,20232024
FLA,20222023
FLA,20162017
HAM,19241925
HAM,19211922
HAM,19201921
HAM,19231924
HAM,19221923
HFD,19851986
HFD,19911992
HFD,19951996
HFD,19861987
HFD,19961997
HFD,19941995
HFD,19791980
HFD,19821983
HFD,19831984
HFD,19841985
HFD,19801981
HFD,19881989
HFD,19931994
HFD,19811982
HFD,19901991
HFD,19891990
HFD,19871988
HFD,19921993
KCS,19741975
KCS,19751976
LAK,20112012
LAK,19681969
LAK,19981999
LAK,19961997
LAK,19992000
LAK,19931994
LAK,19821983
LAK,20122013
LAK,20062007
LAK,19871988
LAK,20182019
LAK,20212022
LAK,20172018
LAK,20012002
LAK,19741975
LAK,20202021
LAK,19941995
LAK,19791980
LAK,19671968
LAK,20132014
LAK,19831984
LAK,19841985
LAK,20102011
LAK,19971998
LAK,20192020
LAK,19891990
LAK,19721973
LAK,20142015
LAK,20092010
LAK,19691970
LAK,19951996
LAK,19771978
LAK,19761977
LAK,20242025
LAK,20032004
LAK,19781979
LAK,19751976
LAK,20072008
LAK,20022003
LAK,19801981
LAK,19731974
LAK,19701971
LAK,19901991
LAK,19881989
LAK,19711972
LAK,19811982
LAK,19851986
LAK,19911992
LAK,20002001
LAK,20082009
LAK,19861987
LAK,20152016
LAK,20052006
LAK,20232024
LAK,20222023
LAK,20162017
LAK,19921993
MIN,20112012
MIN,20122013
MIN,20062007
MIN,20182019
MIN,20212022
MIN,20172018
MIN,20012002
MIN,20202021
MIN,20132014
MIN,20102011
MIN,20192020
MIN,20142015
MIN,20092010
MIN,20242025
MIN,20032004
MIN,20072008
MIN,20022003
MIN,20002001
MIN,20082009
MIN,20152016
MIN,20052006
MIN,20232024
MIN,20222023
MIN,20162017
MNS,19681969
MNS,19821983
MNS,19871988
MNS,19741975
MNS,19671968
MNS,19791980
MNS,19831984
MNS,19841985
MNS,19891990
MNS,19721973
MNS,19691970
MNS,19771978
MNS,19761977
MNS,19751976
MNS,19781979
MNS,19801981
MNS,19731974
MNS,19701971
MNS,19901991
MNS,19881989
MNS,19711972
MNS,19811982
MNS,19851986
MNS,19911992
MNS,19861987
MNS,19921993
MTL,19251926
MTL,19981999
MTL,19311932
MTL,19441945
MTL,19341935
MTL,19992000
MTL,19511952
MTL,19871988
MTL,20212022
MTL,19381939
MTL,20172018
MTL,19411942
MTL,19791980
MTL,20102011
MTL,19971998
MTL,19181919
MTL,19641965
MTL,19211922
MTL,19331934
MTL,19901991
MTL,19501951
MTL,19171918
MTL,19531954
MTL,19421943
MTL,19271928
MTL,19581959
MTL,19651966
MTL,19621963
MTL,19681969
MTL,19541955
MTL,19471948
MTL,20122013
MTL,19591960
MTL,19451946
MTL,19841985
MTL,19661967
MTL,20192020
MTL,19721973
MTL,19951996
MTL,19241925
MTL,19231924
MTL,19811982
MTL,19911992
MTL,19401941
MTL,19201921
MTL,20052006
MTL,20222023
MTL,19301931
MTL,20112012
MTL,19551956
MTL,19521953
MTL,19281929
MTL,19261927
MTL,20182019
MTL,19671968
MTL,20202021
MTL,19831984
MTL,19191920
MTL,19221923
MTL,19891990
MTL,20142015
MTL,19761977
MTL,20242025
MTL,19731974
MTL,19701971
MTL,19361937
MTL,19491950
MTL,19291930
MTL,19371938
MTL,19391940
MTL,20152016
MTL,19611962
MTL,19601961
MTL,20232024
MTL,19921993
MTL,19961997
MTL,19571958
MTL,19931994
MTL,19821983
MTL,20062007
MTL,19461947
MTL,19741975
MTL,20012002
MTL,19481949
MTL,19941995
MTL,20132014
MTL,19631964
MTL,19561957
MTL,19321933
MTL,20092010
MTL,19351936
MTL,19691970
MTL,19771978
MTL,20032004
MTL,19781979
MTL,19751976
MTL,20072008
MTL,20022003
MTL,19801981
MTL,19711972
MTL,19881989
MTL,19851986
MTL,20002001
MTL,20082009
MTL,19861987
MTL,19431944
MTL,20162017
MWN,19171918
NJD,20112012
NJD,19981999
NJD,19961997
NJD,19992000
NJD,19931994
NJD,19821983
NJD,20122013
NJD,20062007
NJD,19871988
NJD,20182019
NJD,20212022
NJD,20172018
NJD,20012002
NJD,20202021
NJD,19941995
NJD,20132014
NJD,19831984
NJD,19841985
NJD,20102011
NJD,19971998
NJD,20192020
NJD,19891990
NJD,20142015
NJD,20092010
NJD,19951996
NJD,20242025
NJD,20032004
NJD,20072008
NJD,20022003
NJD,19901991
NJD,19881989
NJD,19851986
NJD,19911992
NJD,20002001
NJD,20082009
NJD,19861987
NJD,20152016
NJD,20052006
NJD,20232024
NJD,20222023
NJD,20162017
NJD,19921993
NSH,20112012
NSH,19981999
NSH,19992000
NSH,20122013
NSH,20062007
NSH,20182019
NSH,20212022
NSH,20172018
NSH,20012002
NSH,20202021
NSH,20132014
NSH,20102011
NSH,20192020
NSH,20142015
NSH,20092010
NSH,20242025
NSH,20032004
NSH,20072008
NSH,20022003
NSH,20002001
NSH,20082009
NSH,20152016
NSH,20052006
NSH,20232024
NSH,20222023
NSH,20162017
NYA,19251926
NYA,19351936
NYA,19371938
NYA,19391940
NYA,19381939
NYA,19311932
NYA,19401941
NYA,19331934
NYA,19271928
NYA,19281929
NYA,19361937
NYA,19341935
NYA,19261927
NYA,19321933
NYA,19291930
NYA,19301931
NYI,20112012
NYI,19981999
NYI,19961997
NYI,19992000
NYI,19931994
NYI,19821983
NYI,20122013
NYI,20062007
NYI,19871988
NYI,20182019
NYI,20212022
NYI,20172018
NYI,20012002
NYI,19741975
NYI,20202021
NYI,19941995
NYI,19791980
NYI,20132014
NYI,19831984
NYI,19841985
NYI,20102011
NYI,19971998
NYI,20192020
NYI,19891990
NYI,19721973
NYI,20142015
NYI,20092010
NYI,19951996
NYI,19771978
NYI,19761977
NYI,20242025
NYI,20032004
NYI,19781979
NYI,19751976
NYI,20072008
NYI,20022003
NYI,19801981
NYI,19731974
NYI,19901991
NYI,19881989
NYI,19811982
NYI,19851986
NYI,19911992
NYI,20002001
NYI,20082009
NYI,19861987
NYI,20152016
NYI,20052006
NYI,20232024
NYI,20222023
NYI,20162017
NYI,19921993
NYR,19981999
NYR,19311932
NYR,19441945
NYR,19341935
NYR,19992000
NYR,19511952
NYR,19871988
NYR,20212022
NYR,19381939
NYR,20172018
NYR,19411942
NYR,19791980
NYR,20102011
NYR,19971998
NYR,19641965
NYR,19331934
NYR,19901991
NYR,19501951
NYR,19531954
NYR,19421943
NYR,19271928
NYR,19581959
NYR,19651966
NYR,19621963
NYR,19681969
NYR,19541955
NYR,19471948
NYR,20122013
NYR,19591960
NYR,19451946
NYR,19841985
NYR,19661967
NYR,20192020
NYR,19721973
NYR,19951996
NYR,19811982
NYR,19911992
NYR,19401941
NYR,20052006
NYR,20222023
NYR,19301931
NYR,20112012
NYR,19551956
NYR,19521953
NYR,19281929
NYR,19261927
NYR,20182019
NYR,19671968
NYR,20202021
NYR,19831984
NYR,19891990
NYR,20142015
NYR,19761977
NYR,20242025
NYR,19731974
NYR,19701971
NYR,19361937
NYR,19491950
NYR,19291930
NYR,19371938
NYR,19391940
NYR,20152016
NYR,19611962
NYR,19601961
NYR,20232024
NYR,19921993
NYR,19961997
NYR,19571958
NYR,19931994
NYR,19821983
NYR,20062007
NYR,19461947
NYR,19741975
NYR,20012002
NYR,19481949
NYR,19941995
NYR,20132014
NYR,19631964
NYR,19561957
NYR,19321933
NYR,20092010
NYR,19351936
NYR,19691970
NYR,19771978
NYR,20032004
NYR,19781979
NYR,19751976
NYR,20072008
NYR,20022003
NYR,19801981
NYR,19711972
NYR,19881989
NYR,19851986
NYR,20002001
NYR,20082009
NYR,19861987
NYR,19431944
NYR,20162017
OAK,19671968
OAK,19681969
OAK,19691970
OTT,20112012
OTT,19981999
OTT,19961997
OTT,19992000
OTT,19931994
OTT,20122013
OTT,20062007
OTT,20182019
OTT,20212022
OTT,20172018
OTT,20012002
OTT,20202021
OTT,19941995
OTT,20132014
OTT,20102011
OTT,19971998
OTT,20192020
OTT,20142015
OTT,20092010
OTT,19951996
OTT,20242025
OTT,20032004
OTT,20072008
OTT,20022003
OTT,20002001
OTT,20082009
OTT,20152016
OTT,20052006
OTT,20232024
OTT,20222023
OTT,20162017
OTT,19921993
PHI,20112012
PHI,19681969
PHI,19981999
PHI,19961997
PHI,19992000
PHI,19931994
PHI,19821983
PHI,20122013
PHI,20062007
PHI,19871988
PHI,20182019
PHI,20212022
PHI,20172018
PHI,20012002
PHI,19741975
PHI,20202021
PHI,19941995
PHI,19791980
PHI,19671968
PHI,20132014
PHI,19831984
PHI,19841985
PHI,20102011
PHI,19971998
PHI,20192020
PHI,19891990
PHI,19721973
PHI,20142015
PHI,20092010
PHI,19691970
PHI,19951996
PHI,19771978
PHI,19761977
PHI,20242025
PHI,20032004
PHI,19781979
PHI,19751976
PHI,20072008
PHI,20022003
PHI,19801981
PHI,19731974
PHI,19701971
PHI,19901991
PHI,19881989
PHI,19711972
PHI,19811982
PHI,19851986
PHI,19911992
PHI,20002001
PHI,20082009
PHI,19861987
PHI,20152016
PHI,20052006
PHI,20232024
PHI,20222023
PHI,20162017
PHI,19921993
PHX,20112012
PHX,20092010
PHX,20002001
PHX,20082009
PHX,20062007
PHX,20012002
PHX,19981999
PHX,20032004
PHX,19961997
PHX,20052006
PHX,20072008
PHX,20132014
PHX,20022003
PHX,19971998
PHX,19992000
PHX,20102011
PHX,20122013
PIR,19251926
PIR,19271928
PIR,19281929
PIR,19261927
PIR,19291930
PIT,20112012
PIT,19681969
PIT,19981999
PIT,19961997
PIT,19992000
PIT,19931994
PIT,19821983
PIT,20122013
PIT,20062007
PIT,19871988
PIT,20182019
PIT,20212022
PIT,20172018
PIT,20012002
PIT,19741975
PIT,20202021
PIT,19941995
PIT,19791980
PIT,19671968
PIT,20132014
PIT,19831984
PIT,19841985
PIT,20102011
PIT,19971998
PIT,20192020
PIT,19891990
PIT,19721973
PIT,20142015
PIT,20092010
PIT,19691970
PIT,19951996
PIT,19771978
PIT,19761977
PIT,20242025
PIT,20032004
PIT,19781979
PIT,19751976
PIT,20072008
PIT,20022003
PIT,19801981
PIT,19731974
PIT,19701971
PIT,19901991
PIT,19881989
PIT,19711972
PIT,19811982
PIT,19851986
PIT,19911992
PIT,20002001
PIT,20082009
PIT,19861987
PIT,20152016
PIT,20052006
PIT,20232024
PIT,20222023
PIT,20162017
PIT,19921993
QBD,19191920
QUE,19851986
QUE,19911992
QUE,19861987
QUE,19941995
QUE,19791980
QUE,19821983
QUE,19831984
QUE,19841985
QUE,19801981
QUE,19881989
QUE,19931994
QUE,19811982
QUE,19901991
QUE,19891990
QUE,19871988
QUE,19921993
SEA,20232024
SEA,20242025
SEA,20212022
SEA,20222023
SEN,19251926
SEN,19181919
SEN,19241925
SEN,19171918
SEN,19211922
SEN,19331934
SEN,19201921
SEN,19271928
SEN,19281929
SEN,19231924
SEN,19261927
SEN,19221923
SEN,19191920
SEN,19321933
SEN,19291930
SEN,19301931
SJS,20112012
SJS,19981999
SJS,19961997
SJS,19992000
SJS,19931994
SJS,20122013
SJS,20062007
SJS,20182019
SJS,20212022
SJS,20172018
SJS,20012002
SJS,20202021
SJS,19941995
SJS,20132014
SJS,20102011
SJS,19971998
SJS,20192020
SJS,20142015
SJS,20092010
SJS,19951996
SJS,20242025
SJS,20032004
SJS,20072008
SJS,20022003
SJS,19911992
SJS,20002001
SJS,20082009
SJS,20152016
SJS,20052006
SJS,20232024
SJS,20222023
SJS,20162017
SJS,19921993
SLE,19341935
STL,20112012
STL,19681969
STL,19981999
STL,19961997
STL,19992000
STL,19931994
STL,19821983
STL,20122013
STL,20062007
STL,19871988
STL,20182019
STL,20212022
STL,20172018
STL,20012002
STL,19741975
STL,20202021
STL,19941995
STL,19791980
STL,19671968
STL,20132014
STL,19831984
STL,19841985
STL,20102011
STL,19971998
STL,20192020
STL,19891990
STL,19721973
STL,20142015
STL,20092010
STL,19691970
STL,19951996
STL,19771978
STL,19761977
STL,20242025
STL,20032004
STL,19781979
STL,19751976
STL,20072008
STL,20022003
STL,19801981
STL,19731974
STL,19701971
STL,19901991
STL,19881989
STL,19711972
STL,19811982
STL,19851986
STL,19911992
STL,20002001
STL,20082009
STL,19861987
STL,20152016
STL,20052006
STL,20232024
STL,20222023
STL,20162017
STL,19921993
TAN,19171918
TAN,19181919
TBL,20112012
TBL,19981999
TBL,19961997
TBL,19992000
TBL,19931994
TBL,20122013
TBL,20062007
TBL,20182019
TBL,20212022
TBL,20172018
TBL,20012002
TBL,20202021
TBL,19941995
TBL,20132014
TBL,20102011
TBL,19971998
TBL,20192020
TBL,20142015
TBL,20092010
TBL,19951996
TBL,20242025
TBL,20032004
TBL,20072008
TBL,20022003
TBL,20002001
TBL,20082009
TBL,20152016
TBL,20052006
TBL,20232024
TBL,20222023
TBL,20162017
TBL,19921993
TOR,19981999
TOR,19311932
TOR,19441945
TOR,19341935
TOR,19992000
TOR,19511952
TOR,19871988
TOR,20212022
TOR,19381939
TOR,20172018
TOR,19411942
TOR,19791980
TOR,20102011
TOR,19971998
TOR,19641965
TOR,19331934
TOR,19901991
TOR,19501951
TOR,19531954
TOR,19421943
TOR,19271928
TOR,19581959
TOR,19651966
TOR,19621963
TOR,19681969
TOR,19541955
TOR,19471948
TOR,20122013
TOR,19591960
TOR,19451946
TOR,19841985
TOR,19661967
TOR,20192020
TOR,19721973
TOR,19951996
TOR,19811982
TOR,19911992
TOR,19401941
TOR,20052006
TOR,20222023
TOR,19301931
TOR,20112012
TOR,19551956
TOR,19521953
TOR,19281929
TOR,20182019
TOR,19671968
TOR,20202021
TOR,19831984
TOR,19891990
TOR,20142015
TOR,19761977
TOR,20242025
TOR,19731974
TOR,19701971
TOR,19361937
TOR,19491950
TOR,19291930
TOR,19371938
TOR,19391940
TOR,20152016
TOR,19611962
TOR,19601961
TOR,20232024
TOR,19921993
TOR,19961997
TOR,19571958
TOR,19931994
TOR,19821983
TOR,20062007
TOR,19461947
TOR,19741975
TOR,20012002
TOR,19481949
TOR,19941995
TOR,20132014
TOR,19631964
TOR,19561957
TOR,19321933
TOR,20092010
TOR,19351936
TOR,19691970
TOR,19771978
TOR,20032004
TOR,19781979
TOR,19751976
TOR,20072008
TOR,20022003
TOR,19801981
TOR,19711972
TOR,19881989
TOR,19851986
TOR,20002001
TOR,20082009
TOR,19861987
TOR,19431944
TOR,20162017
TSP,19251926
TSP,19241925
TSP,19211922
TSP,19201921
TSP,19231924
TSP,19261927
TSP,19191920
TSP,19221923
UTA,20242025
VAN,20112012
VAN,19981999
VAN,19961997
VAN,19992000
VAN,19931994
VAN,19821983
VAN,20122013
VAN,20062007
VAN,19871988
VAN,20182019
VAN,20212022
VAN,20172018
VAN,20012002
VAN,19741975
VAN,20202021
VAN,19941995
VAN,19791980
VAN,20132014
VAN,19831984
VAN,19841985
VAN,20102011
VAN,19971998
VAN,20192020
VAN,19891990
VAN,19721973
VAN,20142015
VAN,20092010
VAN,19951996
VAN,19771978
VAN,19761977
VAN,20242025
VAN,20032004
VAN,19781979
VAN,19751976
VAN,20072008
VAN,20022003
VAN,19801981
VAN,19731974
VAN,19701971
VAN,19901991
VAN,19881989
VAN,19711972
VAN,19811982
VAN,19851986
VAN,19911992
VAN,20002001
VAN,20082009
VAN,19861987
VAN,20152016
VAN,20052006
VAN,20232024
VAN,20222023
VAN,20162017
VAN,19921993
VGK,20182019
VGK,20212022
VGK,20172018
VGK,20202021
VGK,20242025
VGK,20232024
VGK,20222023
VGK,20192020
WIN,19851986
WIN,19911992
WIN,19951996
WIN,19861987
WIN,19941995
WIN,19791980
WIN,19821983
WIN,19831984
WIN,19841985
WIN,19801981
WIN,19881989
WIN,19931994
WIN,19811982
WIN,19901991
WIN,19891990
WIN,19871988
WIN,19921993
WPG,20112012
WPG,20122013
WPG,20182019
WPG,20212022
WPG,20172018
WPG,20202021
WPG,20242025
WPG,20152016
WPG,20132014
WPG,20232024
WPG,20222023
WPG,20162017
WPG,20192020
WPG,20142015
WSH,20112012
WSH,19981999
WSH,19961997
WSH,19992000
WSH,19931994
WSH,19821983
WSH,20122013
WSH,20062007
WSH,19871988
WSH,20182019
WSH,20212022
WSH,20172018
WSH,20012002
WSH,19741975
WSH,20202021
WSH,19941995
WSH,19791980
WSH,20132014
WSH,19831984
WSH,19841985
WSH,20102011
WSH,19971998
WSH,20192020
WSH,19891990
WSH,20142015
WSH,20092010
WSH,19951996
WSH,19771978
WSH,19761977
WSH,20242025
WSH,20032004
WSH,19781979
WSH,19751976
WSH,20072008
WSH,20022003
WSH,19801981
WSH,19901991
WSH,19881989
WSH,19811982
WSH,19851986
WSH,19911992
WSH,20002001
WSH,20082009
WSH,19861987
WSH,20152016
WSH,20052006
WSH,20232024
WSH,20222023
WSH,20162017
WSH,19921993
CGS,19741975
CGS,19751976
CGS,19731974
CGS,19701971
CGS,19711972
CGS,19721973
MMR,19251926
MMR,19351936
MMR,19371938
MMR,19311932
MMR,19241925
MMR,19331934
MMR,19271928
MMR,19281929
MMR,19341935
MMR,19361937
MMR,19261927
MMR,19321933
MMR,19291930
MMR,19301931
QUA,19301931
